{
  "caption_model_wins": 1,
  "llm_model_wins": 2,
  "results": [
    {
      "image_id": 167898,
      "caption_model": "a bathroom with a toilet, sink, and shower",
      "llm_model": "a bathroom with a toilet, sink and shower",
      "caption_model_scores": [
        0.09417597204446793, 0.1011517196893692, 0.1411786675453186,
        0.1505567729473114
      ],
      "llm_model_scores": [
        0.08763563632965088, 0.10681867599487305, 0.1356244534254074,
        0.15211033821105957
      ],
      "avg_caption_score": 0.12176578305661678,
      "avg_llm_score": 0.12054727599024773
    },
    {
      "image_id": 6771,
      "caption_model": "a woman in a costume",
      "llm_model": "a woman in a costume talking to a man",
      "caption_model_scores": [
        0.15456971526145935, 0.17080605030059814, 0.17246344685554504,
        0.196451336145401
      ],
      "llm_model_scores": [
        0.15518899261951447, 0.15574032068252563, 0.1668212115764618,
        0.22824792563915253
      ],
      "avg_caption_score": 0.17357263714075089,
      "avg_llm_score": 0.1764996126294136
    },
    {
      "image_id": 155443,
      "caption_model": "a train station with a train and a train",
      "llm_model": "a train is pulling into the station",
      "caption_model_scores": [
        0.19275110960006714, 0.20372435450553894, 0.20374545454978943,
        0.25042739510536194
      ],
      "llm_model_scores": [
        0.0765783041715622, 0.17221426963806152, 0.18351751565933228,
        0.21241486072540283
      ],
      "avg_caption_score": 0.21266207844018936,
      "avg_llm_score": 0.1611812375485897
    }
  ]
}
